Avg MM,Sieve Size,Size Group,MIN ,MAX ,MIN WT,MAX WT,AVG WT
0.8,0000-000,R00,0.75,0.85,0.0017,0.0025,0.0021
0.9,000-00,R00,0.85,0.95,0.0025,0.0036,0.0031
1,00-0,R0,0.95,1.05,0.004,0.0055,0.0048
1.1,1-1.5,R2,1.05,1.15,0.0055,0.0065,0.006
1.2,2-2.5,R4,1.15,1.25,0.0065,0.009,0.0078
1.3,3-4.,R4,1.25,1.35,0.009,0.012,0.011
1.4,4-4.5,R6.50,1.35,1.45,0.012,0.014,0.013
1.5,5-5.5,R6.50,1.45,1.55,0.014,0.016,0.015
1.6,5.5-6,R6.50,1.55,1.65,0.016,0.017,0.017
1.7,6-6.5,R6.50,1.65,1.75,0.018,0.022,0.02
1.8,6.5-7,R8,1.75,1.85,0.022,0.026,0.024
1.9,7-7.5,R8,1.85,1.95,0.026,0.029,0.028
2,7.5-8,R8,1.95,2.05,0.029,0.034,0.032
2.1,8-8.5,R9,2.05,2.15,0.034,0.041,0.038
2.2,8.5-9,R9,2.15,2.25,0.041,0.048,0.045
2.3,9-9.5,R11,2.25,2.35,0.048,0.054,0.051
2.4,9.5-10,R11,2.35,2.45,0.054,0.058,0.056
2.5,10-10.5,R11,2.45,2.55,0.058,0.065,0.062
2.6,10.5-11,R11,2.55,2.65,0.065,0.068,0.067
2.7,11-11.5,R12,2.65,2.75,0.068,0.078,0.073
2.8,11.5-12,R12,2.75,2.85,0.078,0.083,0.081
2.9,12-12.5,R14,2.85,2.95,0.083,0.092,0.088
3,12.5-13,R14,2.95,3.05,0.092,0.102,0.097
3.1,13-13.5,R14,3.05,3.15,0.102,0.112,0.107
3.2,13.5-14,R14,3.15,3.25,0.112,0.125,0.119
3.3,14-14.5,R16,3.25,3.35,0.125,0.138,0.132
3.4,14.5-15,R16,3.35,3.45,0.138,0.145,0.142
3.5,15-15.5,R16,3.45,3.55,0.145,0.158,0.152
3.6,15.5-16,R16,3.55,3.65,0.158,0.185,0.172
3.7,0.18-0.22,R18,3.65,3.75,0.185,0.21,0.198
3.8,0.18-0.22,R18,3.75,3.85,0.21,0.22,0.215
3.9,0.23-0.29,R23,3.85,3.95,0.22,0.24,0.23
4,0.23-0.29,R23,3.95,4.05,0.23,0.25,0.24
4.1,0.25-0.29,R25,4.05,4.15,0.25,0.27,0.26
4.2,0.25-0.29,R25,4.15,4.25,0.26,0.29,0.275
4.3,0.30-0.39,R30,4.25,4.35,0.29,0.32,0.305
4.4,0.30-0.39,R30,4.35,4.45,0.31,0.34,0.325
4.5,0.30-0.39,R30,4.45,4.55,0.34,0.36,0.35
4.6,0.36-0.45,R36,4.55,4.65,0.36,0.38,0.37
4.7,0.40-0.49,R40,4.65,4.75,0.39,0.42,0.405
4.8,0.40-0.49,R40,4.75,4.85,0.42,0.45,0.435
4.9,0.40-0.49,R40,4.85,4.95,0.45,0.46,0.455
5,0.40-0.49,R40,4.95,5.05,0.46,0.49,0.475
5.1,0.50-0.59,R50,5.05,5.15,0.5,0.53,0.515
5.2,0.50-0.59,R50,5.15,5.25,0.51,0.55,0.53
5.3,0.50-0.59,R50,5.25,5.35,0.53,0.57,0.55
5.4,0.58-0.69,R58,5.35,5.45,0.58,0.62,0.6
5.5,0.60-0.69,R60,5.45,5.55,0.6,0.64,0.62
5.6,0.60-0.69,R60,5.55,5.65,0.64,0.7,0.67
5.7,0.70-0.79,R70,5.65,5.75,0.7,0.74,0.72
5.8,0.72-0.79,R72,5.75,5.85,0.74,0.77,0.755
5.9,0.72-0.79,R72,5.85,5.95,0.77,0.81,0.79
6,0.80-0.89,R80,5.9,6.1,0.8,0.83,0.815
6.1,0.85-0.95,R85,6,6.2,0.83,0.9,0.865
6.2,0.90-0.99,R90,6.1,6.3,0.87,0.91,0.89
6.3,0.90-0.99,R90,6.2,6.4,0.9,0.94,0.92
6.4,0.96-1.10,R96,6.3,6.5,0.96,1.02,0.99
6.5,1.00-1.19,R100,6.4,6.6,1,1.08,1.04
6.6,1.00-1.19,R100,6.5,6.7,1.07,1.13,1.1
6.7,1.00-1.19,R100,6.6,6.8,1.09,1.18,1.135
6.8,1.20-1.39,R120,6.7,6.9,1.18,1.24,1.21
6.9,1.20-1.39,R120,6.8,7,1.23,1.3,1.265
7,1.20-1.39,R120,6.9,7.1,1.26,1.35,1.305
7.1,1.20-1.39,R120,7,7.2,1.3,1.42,1.36
7.2,1.40-1.49,R140,7.1,7.3,1.4,1.43,1.415
7.3,1.40-1.49,R140,7.2,7.4,1.42,1.52,1.47
7.4,1.50-1.69,R150,7.3,7.5,1.5,1.58,1.54
7.5,1.50-1.69,R150,7.4,7.6,1.56,1.7,1.63
7.6,1.70-1.99,R170,7.5,7.7,1.68,1.73,1.705
7.7,1.70-1.99,R170,7.6,7.8,1.7,1.8,1.75
7.8,1.70-1.99,R170,7.7,7.9,1.8,1.9,1.85
7.9,1.70-1.99,R170,7.8,8,1.9,1.95,1.925
8,2.00-2.49,R200,7.9,8.1,1.96,2.04,2
8.1,2.00-2.49,R200,8,8.2,2,2.1,2.05
8.2,2.00-2.49,R200,8.1,8.3,2.05,2.2,2.125
8.3,2.00-2.49,R200,8.2,8.4,2.08,2.22,2.15
8.4,2.00-2.49,R200,8.3,8.5,2.18,2.3,2.24
8.5,2.00-2.49,R200,8.4,8.6,2.3,2.4,2.35
8.6,2.00-2.49,R200,8.5,8.7,2.4,2.5,2.45
8.7,2.50-2.99,R250,8.6,8.8,2.46,2.58,2.52
8.8,2.50-2.99,R250,8.7,8.9,2.55,2.7,2.625
8.9,2.50-2.99,R250,8.8,9,2.6,2.8,2.7
9,2.50-2.99,R250,8.9,9.1,2.7,2.9,2.8
9.1,2.50-2.99,R250,9,9.2,2.8,3,2.9
9.2,2.50-2.99,R250,9.1,9.3,2.9,3.08,2.99
9.3,3.00-3.49,R300,9.2,9.4,3,3.18,3.09
9.4,3.00-3.49,R300,9.3,9.5,3.1,3.25,3.175
9.5,3.00-3.49,R300,9.4,9.6,3.2,3.4,3.3
9.6,3.00-3.49,R300,9.5,9.7,3.3,3.5,3.4
9.7,3.50-3.99,R300,9.6,9.8,3.35,3.6,3.475
9.8,3.50-3.99,R350,9.7,9.9,3.45,3.65,3.55
9.9,3.50-3.99,R350,9.8,10,3.5,3.8,3.65
10,3.50-3.99,R350,9.9,10.1,3.7,4,3.85
10.1,3.50-3.99,R350,10,10.2,3.9,4.05,3.975
10.2,4.00-4.49,R400,10.1,10.3,3.95,4.15,4.05
10.3,4.00-4.49,R400,10.2,10.4,4,4.25,4.125
10.4,4.00-4.49,R400,10.3,10.5,4.15,4.35,4.25
10.5,4.00-4.49,R400,10.4,10.6,4.2,4.5,4.35
10.6,4.50-4.99,R450,10.5,10.7,4.3,4.7,4.5
10.7,4.50-4.99,R450,10.6,10.8,4.4,4.8,4.6
10.8,4.50-4.99,R450,10.7,10.9,4.6,5,4.8
10.9,5.00-5.49,R500,10.8,11,4.9,5.1,5
11,5.00-5.49,R500,10.9,11.1,5,5.2,5.1
11.1,5.00-5.49,R500,11,11.2,5,5.45,5.225
11.2,5.00-5.49,R500,11.1,11.3,5.15,5.5,5.325
11.3,5.00-5.49,R500,11.2,11.4,5.2,5.6,5.4
11.4,5.50-5.99,R550,11.3,11.5,5.4,6,5.7
11.5,5.50-5.99,R550,11.4,11.6,5.65,6.1,5.875
11.6,6.00-6.49,R600,11.5,11.7,5.9,6.25,6.075
11.7,6.00-6.49,R600,11.6,11.8,6,6.5,6.25
11.8,6.00-6.49,R600,11.7,11.9,6.1,6.6,6.35
11.9,6.50-6.99,R650,11.8,12,6.3,6.7,6.5
12,6.50-6.99,R650,11.9,12.1,6.5,7,6.75
12.1,6.50-6.99,R650,12,12.2,6.5,7.1,6.8
12.2,6.50-6.99,R650,12.1,12.3,6.7,7.2,6.95
12.3,6.50-6.99,R650,12.2,12.4,6.7,7.2,6.95
12.4,7.00-7.49,R700,12.3,12.5,7.05,7.5,7.275
12.5,7.00-7.49,R700,12.4,12.6,7.1,7.6,7.35
12.6,7.50-7.99,R750,12.5,12.7,7.3,8,7.65
12.7,7.50-7.99,R750,12.6,12.8,7.4,8,7.7
12.8,7.50-7.99,R750,12.7,12.9,7.5,8.2,7.85
12.9,8.00-8.49,R800,12.8,13,7.8,8.4,8.1
13,8.00-8.49,R800,12.9,13.1,8,8.6,8.3
